-- Insert users from Supabase
INSERT INTO users (id, username, email, password, first_name, last_name, role, is_active, created_at) VALUES (1, 'admin', 'admin@example.com', '$2b$12$nblITybJKLFoBt.nJRGnPufgSLMQAxeJHSpih9Gc0jsnDvHshKL7e', 'System', 'Administrator', 'admin', true, '2025-07-22 05:38:21.03332');
INSERT INTO users (id, username, email, password, first_name, last_name, role, is_active, created_at) VALUES (2, 'shirish', 'shirish@company.com', '$2b$12$VmqI3csZv8ISS5T9Z/RsAubhA2ksVerlkt1fuLuycNNld5BhinYwK', 'Shirish', 'Kumar', 'member', true, '2025-07-22 05:44:04.536227');
INSERT INTO users (id, username, email, password, first_name, last_name, role, is_active, created_at) VALUES (3, 'kalisha', 'kalisha@company.com', '$2b$12$/bHiaTMZB92kIk6ZhIFqAeSJDHBbHMcRc9okGjU94Kj3bIwSkUnUq', 'Kalisha', 'Patel', 'member', true, '2025-07-22 05:44:04.536227');
INSERT INTO users (id, username, email, password, first_name, last_name, role, is_active, created_at) VALUES (4, 'sridevi', 'sridevi@company.com', '$2b$12$sjQx5riIn9guxS7qDaj59ejUqbhFefnQPL9jt0eRFRILgvx8T4H.i', 'Sridevi', 'Nair', 'member', true, '2025-07-22 05:44:04.536227');
INSERT INTO users (id, username, email, password, first_name, last_name, role, is_active, created_at) VALUES (5, 'sundhar', 'sundhar@company.com', '$2b$12$TJIm9To.3mMfSQtngo7tY.bcAH3m1c4qRxpVNG3DVb1cx7uKbvmZK', 'Sundhar', 'Raj', 'member', true, '2025-07-22 05:44:04.536227');
INSERT INTO users (id, username, email, password, first_name, last_name, role, is_active, created_at) VALUES (6, 'rajni', 'rajni@company.com', '$2b$12$ecI15RTyRRut4rIUJOFO9eBWzezrMV/eAKdP.wVCYJbV0IU.IsOSW', 'Rajni', 'Singh', 'member', true, '2025-07-22 05:44:04.536227');
INSERT INTO users (id, username, email, password, first_name, last_name, role, is_active, created_at) VALUES (7, 'judes', 'judes@company.com', '$2b$12$8MG6o81/gPsaNHKlSGXQCeDSJk7Iz0BV9r0I20s4YWm7OJvqrHxQG', 'Judes', 'Joseph', 'member', true, '2025-07-22 05:44:04.536227');
INSERT INTO users (id, username, email, password, first_name, last_name, role, is_active, created_at) VALUES (8, 'hima', 'hima@company.com', '$2b$12$y1KDJcgHamurhISEZIGWkenqp2iUhrlX5TsTl7Lm9a34oAF.57npO', 'Hima', 'Bindhu', 'member', true, '2025-07-22 05:44:04.536227');
INSERT INTO users (id, username, email, password, first_name, last_name, role, is_active, created_at) VALUES (9, 'vaishika', 'vaishika@company.com', '$2b$12$KfADCDBSnzD97ZS9HO2emuoXyk/Ol6hh3PyG0aJN09ORtdUPC3xim', 'Vaishika', 'Sharma', 'member', true, '2025-07-22 05:44:04.536227');

-- Insert clients from Supabase
INSERT INTO clients (id, name, description, created_at) VALUES (4, 'MuchBetter', 'Digital wallet and payment solutions platform', '2025-07-22 06:25:39.621907');

-- Insert projects from Supabase
INSERT INTO projects (id, name, description, color, status, start_date, end_date, assignees, team_members, tags, created_at, updated_at, client_id) VALUES (4, 'Wallet', 'Digital wallet application for secure payments and transactions', '', 'active', '2025-01-01 00:00:00', '2025-06-30 00:00:00', '{Shirish,Sridevi,Sundhar}', '{Shirish,Sridevi,Sundhar,Rajni,Judes}', '{fintech,payments,security}', '2025-07-22 03:09:49.181304', '2025-07-22 03:37:05.596', 4);
INSERT INTO projects (id, name, description, color, status, start_date, end_date, assignees, team_members, tags, created_at, updated_at, client_id) VALUES (10, 'Corporate Card Wallet', 'Corporate banking wallet solution for business clients', 'blue', 'active', NULL, NULL, NULL, NULL, NULL, '2025-07-22 06:57:25.168165', '2025-07-22 18:54:23.052', 4);

-- Insert tasks from Supabase
INSERT INTO tasks (id, title, description, status, priority, assignee, due_date, progress, project_id, created_at, updated_at) VALUES (19, 'Protection Against Brute Force Attack', '<p>Apply the Rate Limits to the Services in the Fabric.</p><p>Total Rate Limit-<strong>1000</strong> requests/min</p><p> Rate Limit Per IP- <strong>200</strong> requests/min</p>', 'In Progress', 'high', 'Shirish', '2025-07-24 18:30:00', 0, 10, '2025-07-22 04:18:59.464152', '2025-07-22 19:16:51.485');
INSERT INTO tasks (id, title, description, status, priority, assignee, due_date, progress, project_id, created_at, updated_at) VALUES (23, 'EHI & APATA', '<p>EHI Cross Currency Settlement</p>', 'In Progress', 'medium', 'Sridevi', '2025-07-23 18:30:00', 0, 4, '2025-07-22 04:54:03.63197', '2025-07-22 14:00:23.547');
INSERT INTO tasks (id, title, description, status, priority, assignee, due_date, progress, project_id, created_at, updated_at) VALUES (24, 'Merchant Portal Authenticator App Integration', '<p>Integrating the Uniken for the IDP</p>', 'In Progress', 'medium', 'Sundhar', '2025-07-21 18:30:00', 0, 4, '2025-07-22 04:54:22.978683', '2025-07-22 14:23:04.502');
INSERT INTO tasks (id, title, description, status, priority, assignee, due_date, progress, project_id, created_at, updated_at) VALUES (26, 'Push Registration issue for iOS', '<p>Not able to register to the Engagement Server in iOS</p>', 'In Progress', 'medium', 'Sridevi', '2025-07-22 18:30:00', 0, 4, '2025-07-22 04:55:06.248225', '2025-07-22 14:22:02.387');
INSERT INTO tasks (id, title, description, status, priority, assignee, due_date, progress, project_id, created_at, updated_at) VALUES (27, 'Wearables for Wallet Discussion', '<p>User Place Purchasing Orders</p>', 'Open', 'high', 'Sridevi', '2025-07-22 18:30:00', 0, 4, '2025-07-22 04:55:23.471894', '2025-07-22 14:20:37.309');
INSERT INTO tasks (id, title, description, status, priority, assignee, due_date, progress, project_id, created_at, updated_at) VALUES (28, 'Proof Of Address Integration', '<p>Address Verification through FormPipe</p>', 'Open', 'high', 'Sridevi', '2025-07-22 18:30:00', 0, 4, '2025-07-22 04:55:37.656319', '2025-07-22 14:21:02.316');
INSERT INTO tasks (id, title, description, status, priority, assignee, due_date, progress, project_id, created_at, updated_at) VALUES (29, 'BackOffice Refresh Issue', '', 'Open', 'medium', 'Sridevi', '2025-07-22 18:30:00', 0, 4, '2025-07-22 04:55:57.853088', '2025-07-22 04:55:57.853088');
INSERT INTO tasks (id, title, description, status, priority, assignee, due_date, progress, project_id, created_at, updated_at) VALUES (30, 'Duplicate URL Back Office', '', 'Open', 'medium', 'Sridevi', '2025-07-22 18:30:00', 0, 4, '2025-07-22 04:56:10.915116', '2025-07-22 04:56:10.915116');
INSERT INTO tasks (id, title, description, status, priority, assignee, due_date, progress, project_id, created_at, updated_at) VALUES (31, 'Twilio Integration', '<p>Twilio integration for the Corporate Wallet Application with SID and Token</p>', 'In Progress', 'medium', 'Shirish', '2025-07-22 18:30:00', 0, 10, '2025-07-22 09:22:39.931881', '2025-07-22 09:35:41.21');
INSERT INTO tasks (id, title, description, status, priority, assignee, due_date, progress, project_id, created_at, updated_at) VALUES (33, 'Access Control and Authorization', '<p><strong>IS_DBP_AUTHORIZED</strong> flag enablement for the Objects in the <strong style="color: rgb(3, 7, 18); background-color: rgb(249, 250, 251);">service_permission_mapper</strong><span style="color: rgb(3, 7, 18); background-color: rgb(249, 250, 251);"> table in </span><strong style="color: rgb(3, 7, 18); background-color: rgb(249, 250, 251);">DBXDB</strong></p>', 'In Progress', 'medium', 'Shirish', '2025-07-23 18:30:00', 0, 10, '2025-07-22 09:24:16.688371', '2025-07-22 18:52:52.54');
INSERT INTO tasks (id, title, description, status, priority, assignee, due_date, progress, project_id, created_at, updated_at) VALUES (34, 'Merchant Portal Authenticator App Integration', '<p>Integration of Uniken IDP for Merchant Portal.</p><ol><li>OAuth Service Creation for Corporate Card Wallet</li><li>Identity service integration in merchant portal</li></ol>', 'In Progress', 'medium', 'Kalisha', '2025-07-22 18:30:00', 0, 10, '2025-07-22 14:01:43.106855', '2025-07-22 19:08:08.416');
INSERT INTO tasks (id, title, description, status, priority, assignee, due_date, progress, project_id, created_at, updated_at) VALUES (35, 'EHI & APATA', '<p>Credit Card Transaction Security Integration</p><ol><li>EHI integration and testing from Postman</li><li>APATA integration and testing from postman</li><li>Creation of database tables</li><li>Cross Currency integration</li></ol>', 'In Progress', 'medium', 'Kalisha', '2025-07-22 18:30:00', 0, 10, '2025-07-22 14:02:36.388197', '2025-07-22 19:13:02.952');
INSERT INTO tasks (id, title, description, status, priority, assignee, due_date, progress, project_id, created_at, updated_at) VALUES (36, 'Dynamic Browser Integration', '<p>Performance Optimisation with Dynamic Widget</p>', 'In Progress', 'medium', 'Kalisha', '2025-07-22 18:30:00', 0, 10, '2025-07-22 14:04:16.833338', '2025-07-22 14:04:16.833338');
INSERT INTO tasks (id, title, description, status, priority, assignee, due_date, progress, project_id, created_at, updated_at) VALUES (37, 'Login to Dashboard taking more than 8 Seconds', '<p>Optimize the API</p>', 'In Progress', 'medium', 'Kalisha', '2025-07-22 18:30:00', 0, 10, '2025-07-22 14:37:42.956692', '2025-07-22 14:37:42.956692');
INSERT INTO tasks (id, title, description, status, priority, assignee, due_date, progress, project_id, created_at, updated_at) VALUES (38, 'mbwalletcustomeractivities table Issue', '<p>After every deployment read operation is getting failed</p>', 'In Progress', 'medium', 'Sridevi', '2025-07-22 18:30:00', 0, 4, '2025-07-22 15:01:44.639924', '2025-07-22 15:01:44.639924');
INSERT INTO tasks (id, title, description, status, priority, assignee, due_date, progress, project_id, created_at, updated_at) VALUES (39, 'App hangs when entering incorrect passcode', '<p>The isssue fixed in <strong>Wallet</strong> application. Same need to be fixed in <strong>Corporate Card Wallet </strong>Application as well.</p>', 'In Progress', 'medium', 'Shirish', '2025-07-22 18:30:00', 0, 10, '2025-07-22 19:03:55.941491', '2025-07-22 19:19:04.861');
INSERT INTO tasks (id, title, description, status, priority, assignee, due_date, progress, project_id, created_at, updated_at) VALUES (40, 'Enrolment of merchant user in Back Office', '<p>Enroll button is already implemented for <strong>Wallet</strong> users. We need to check that same functionality should work for <strong>Corporate Card Wallet</strong> users as well.</p>', 'In Progress', 'medium', 'Kalisha', '2025-07-22 18:30:00', 0, 10, '2025-07-22 19:06:58.297351', '2025-07-22 19:06:58.297351');
INSERT INTO tasks (id, title, description, status, priority, assignee, due_date, progress, project_id, created_at, updated_at) VALUES (41, 'Protected Mode Builds for Corporate Card Wallet', '<p>Builds need to be prepared for iOS and Android</p>', 'In Progress', 'medium', 'Kalisha', '2025-07-22 18:30:00', 0, 10, '2025-07-22 19:10:13.991468', '2025-07-22 19:10:13.991468');